parametro,otimalidade,tempo
False,63.73039725977831,95.03086655001
True,62.83778226263576,102.55267860000215
parametro,otimalidade,tempo
False,64.65115344460756,12.255492774997643
True,66.85518929154738,12.3948387416555
parametro,otimalidade,tempo
False,60.802938901427126,6.327908466676793
True,54.2242167389723,1.1594854249997297
parametro,otimalidade,tempo
False,64.2435230598957,7.312314475013409
True,66.85518929154738,7.70881809166652
