parametro,otimalidade_13,otimalidade_14,otimalidade_15,otimalidade_16,otimalidade_17,tempo_13,tempo_14,tempo_15,tempo_16,tempo_17
False,70.26769128146763,71.9324209180818,71.29128408029099,71.4389707212943,69.52824936970428,32.69676533333162,32.56988224166222,32.422315233328845,32.40447201666151,32.135927749996576
True,73.82265744981775,73.27978821762689,74.97812383314461,71.29429032326073,71.47101051915374,25.407543666665635,27.190191508333857,26.19247756666785,25.088536116668063,25.64126972500041
