parametro,otimalidade_13,otimalidade_14,otimalidade_15,tempo_13,tempo_14,tempo_15
False,70.26769128146763,71.9324209180818,71.29128408029099,32.69676533333162,32.56988224166222,32.422315233328845
True,73.82265744981775,73.27978821762689,74.97812383314461,25.407543666665635,27.190191508333857,26.19247756666785
