parametro,otimalidade,tempo
False,63.73039725977831,95.03086655001
True,62.83778226263576,102.55267860000215
