parametro,otimalidade,tempo
5,61.74479678711069,93.69607737499366
10,62.81336496208416,100.31831091666633
15,63.041027342565535,101.34743369999826
20,62.83778226263576,101.8384498666807
25,62.83778226263576,102.03453864167871
30,62.83778226263576,101.0889168833334
35,62.83778226263576,101.8794966749944
40,62.83778226263576,101.87242722500135
45,62.83778226263576,101.98282167499808
50,62.83778226263576,102.06348557499587
