parâmetro;otimalidade;tempo
4;52.24444409345256;6.975769299999229
8;57.33993230124981;19.905249858338113
12;61.539817257647464;40.11693558334082
16;63.5860886849772;66.9401886666795
20;62.83778226263576;101.0685631083373
24;64.7106605638799;141.78702876667862
28;66.45193370045094;189.07957601665598
32;67.04764754433818;244.72224963334156
36;66.79199567305217;306.17309735833743
40;68.22122619992653;373.26203694165935
